Full Name,Country,Created At,Id,Email
Crawford Bergstrom,Mauritius,Wed Nov 02 1994 09:25:33 GMT+0100 (Central European Standard Time),0,Ricardo@iva.co.uk
Delphine Buckridge,Iraq,Sun Jul 28 1985 00:24:21 GMT+0200 (Central European Summer Time),1,Paolo.Littel@dameon.biz
Wade King,North Korea,Thu Jul 27 2017 09:00:49 GMT+0200 (Central European Summer Time),2,Bruce@anika.io
Frida Hills,São Tomé and Príncipe,Tue Jun 19 2007 17:29:19 GMT+0200 (Central European Summer Time),3,Tiffany.Schamberger@lea.co.uk
Mr. Treva O'Reilly,Honduras,Sun Aug 20 2017 08:57:02 GMT+0200 (Central European Summer Time),4,Margie_Johns@juanita.me
Clotilde Upton,Egypt,Mon Jun 06 2011 02:19:39 GMT+0200 (Central European Summer Time),5,Alfonzo@adella.info
Garnett Orn,Greece,Wed May 02 2001 15:37:41 GMT+0200 (Central European Summer Time),6,Erling@lexus.biz
Dayne Cummerata,Papua New Guinea,Thu Apr 01 2021 19:21:55 GMT+0200 (Central European Summer Time),7,Willa@amanda.biz
Ivy Mayert,Burundi,Wed Nov 01 1995 03:59:58 GMT+0100 (Central European Standard Time),8,Meaghan.Barrows@edd.info
Lucius Ullrich III,Faroe Islands,Mon Jun 05 1989 15:59:01 GMT+0200 (Central European Summer Time),9,Rod@zoe.biz